{
    "loss": 9.858373641967773,
    "accuracy": 0.9079855823516846
}
