{
    "loss": 9.858373641967773,
    "accuracy": 0.907985582351846
}
