{
    "loss": 0.758373641967773,
    "accuracy": 0.907985582351846
}
